Город;Регион;Федеральный округ;Население;Основание;Статус города
Абаза;Хакасия;Сибирский;17111;1867;1966
Абакан;Хакасия;Сибирский;165183;1734;1931
Абдулино;Оренбургская область;Приволжский;20663;1795;1923
Абинск;Краснодарский край;Южный;34926;1863;1963
Агидель;Башкортостан;Приволжский;16365;1980;1991
Агрыз;Татарстан;Приволжский;19299;1646;1938
Адыгейск;Адыгея;Южный;12689;1969;1976
Азнакаево;Татарстан;Приволжский;34859;1762;1987
Азов;Ростовская область;Южный;82882;1067;1708
Ак-Довурак;Тыва;Сибирский;13469;1964;1964
Аксай;Ростовская область;Южный;41984;1570;1957
Алагир;Северная Осетия — Алания;Северо-Кавказский;20949;1850;1938
Алапаевск;Свердловская область;Уральский;38198;1639;1781
Алатырь;Чувашия;Приволжский;38202;1552;1552
Алдан;Якутия;Дальневосточный;21277;1924;1932
Алейск;Алтайский край;Сибирский федеральный округ;28528;1913;1939
Александров;Владимирская область;Центральный;61544;XIV век;1778
Александровск;Пермский край;Приволжский;15022;1783;1951
Александровск-Сахалинский;Сахалинская область;Дальневосточный;10613;1869;1917
Алексеевка;Белгородская область;Центральный;39026;1685;1954
Алексин;Тульская область;Центральный;61738;1348;1777
Алзамай;Иркутская область;Сибирский;6751;1899;1955
Алупка;Крым;Южный;7771;960;1938
Алушта;Крым;Южный;29078;VI век;1902
Альметьевск;Татарстан;Приволжский;146309;XVIII век;1953
Амурск;Хабаровский край;Дальневосточный;42977;1958;1973
Анадырь;Чукотский АО;Дальневосточный;13053;1889;1965
Анапа;Краснодарский край;Южный;58983;1781;1846
Ангарск;Иркутская область;Сибирский;233765;1948;1951
Андреаполь;Тверская область;Центральный;8265;1907;1967
Анжеро-Судженск;Кемеровская область;Сибирский;76669;1896;1931
Анива;Сахалинская область;Дальневосточный;8449;1886;1946
Апатиты;Мурманская область;Северо-Западный;59690;1926;1966
Апрелевка;Московская область;Центральный;18467;1899;1961
Апшеронск;Краснодарский край;Южный;40229;1863;1947
Арамиль;Свердловская область;Уральский;14227;1675;1966
Аргун;Чечня;Северо-Кавказский;29528;XVIII век;1967
Ардатов;Мордовия;Приволжский;9400;1671;1780
Ардон;Северная Осетия — Алания;Северо-Кавказский;18774;1824;1964
Арзамас;Нижегородская область;Приволжский;106367;1552;1578
Аркадак;Саратовская область;Приволжский;12846;1721;1963
Армавир;Краснодарский край;Южный;188897;1839;1914
Армянск;Крым;Южный;21987;1736;1993
Арсеньев;Приморский край;Дальневосточный;56742;1902;1952
Арск;Татарстан;Приволжский;18114;XIII век;2008
Артём;Приморский край;Дальневосточный;102636;1924;1938
Артёмовск;Красноярский край;Сибирский;2180;1700;1939
Артёмовский;Свердловская область;Уральский;32878;1665;1938
Архангельск;Архангельская область;Северо-Западный;348716;1584;1613
Асбест;Свердловская область;Уральский;70067;1889;1933
Асино;Томская область;Сибирский;25614;1896;1952
Астрахань;Астраханская область;Южный;520662;1558;1717
Аткарск;Саратовская область;Приволжский;25620;XVIII век;1780
Ахтубинск;Астраханская область;Южный;41898;1768;1959
Ачинск;Красноярский край;Сибирский;109156;1683;1782
Аша;Челябинская область;Уральский;31916;1898;1933
Бабаево;Вологодская область;Северо-Западный;12074;XV век;1925
Бабушкин;Бурятия;Сибирский;4542;1760;1902
Бавлы;Татарстан;Приволжский;22109;1658;1997
Багратионовск;Калининградская область;Северо-Западный;6399;1336;1946
Байкальск;Иркутская область;Сибирский;13589;1961;1966
Баймак;Башкортостан;Приволжский;17710;1850;1938
Бакал;Челябинская область;Уральский;20953;1757;1951
Баксан;Кабардино-Балкария;Северо-Кавказский;36857;1891;1967
Балабаново;Калужская область;Центральный;26337;1584;1972
Балаково;Саратовская область;Приволжский;199576;1762;1911
Балахна;Нижегородская область;Приволжский;51526;1474;1536
Балашиха;Московская область;Центральный;215353;1830;1939
Балашов;Саратовская область;Приволжский;82222;XVII век;1780
Балей;Забайкальский край;Сибирский;12536;1736;1932
Балтийск;Калининградская область;Северо-Западный;32670;1626;1725
Барабинск;Новосибирская область;Сибирский;30250;1893;1917
Барнаул;Алтайский край;Сибирский;635585;1730;1771
Барыш;Ульяновская область;Приволжский;17149;XVII век;1954
Батайск;Ростовская область;Южный;112400;1769;1938
Бахчисарай;Крым;Южный;27448;1532;1532
Бежецк;Тверская область;Центральный;24517;1137;1775
Белая Калитва;Ростовская область;Южный;43688;1703;1958
Белая Холуница;Кировская область;Приволжский;11232;1764;1965
Белгород;Белгородская область;Центральный;356426;1596;1596
Белебей;Башкортостан;Приволжский;60183;1757;1781
Белёв;Тульская область;Центральный;13918;1147;1147
Белинский;Пензенская область;Приволжский;8567;1708;1780
Белово;Кемеровская область;Сибирский;76752;1726;1938
Белогорск;Амурская область;Дальневосточный;68220;1860;1926
Белогорск;Крым;Южный;16354;XIII век;XIII век
Белозерск;Вологодская область;Северо-Западный;9614;862;862
Белокуриха;Алтайский край;Сибирский;15072;1846;1982
Беломорск;Карелия;Северо-Западный;11217;XII век;1938
Белоозёрский;Московская область;Центральный;17842;1961;2019
Белорецк;Башкортостан;Приволжский;68804;1762;1923
Белореченск;Краснодарский край;Южный;53891;1862;1958
Белоусово;Калужская область;Центральный;8432;1962;2004
Белоярский;Ханты-Мансийский АО — Югра;Уральский;20283;1969;1988
Белый;Тверская область;Центральный;3771;1350;1350
Бердск;Новосибирская область;Сибирский;98809;1716;1944
Березники;Пермский край;Приволжский;156350;1623;1932
Берёзовский;Кемеровская область;Сибирский;47292;1965;1965
Берёзовский;Свердловская область;Уральский;51583;1748;1938
Беслан;Северная Осетия — Алания;Северо-Кавказский;36724;1847;1950
Бийск;Алтайский край;Сибирский;203826;1709;1782
Бикин;Хабаровский край;Дальневосточный;17156;1895;1938
Билибино;Чукотский АО;Дальневосточный;5504;1955;1993
Биробиджан;Еврейская АО;Дальневосточный;75419;1915;1931
Бирск;Башкортостан;Приволжский;41637;1663;1781
Бирюсинск;Иркутская область;Сибирский;8981;1897;1967
Бирюч;Белгородская область;Центральный;7842;1705;1779
Благовещенск;Башкортостан;Приволжский;34246;1756;1941
Благовещенск;Амурская область;Дальневосточный;214397;1856;1858
Благодарный;Ставропольский край;Северо-Кавказский;32736;1782;1971
Бобров;Воронежская область;Центральный;19738;1698;1711
Богданович;Свердловская область;Уральский;31752;1885;1947
Богородицк;Тульская область;Центральный;31897;1663;1777
Богородск;Нижегородская область;Приволжский;25497;1561;1923
Боготол;Красноярский край;Сибирский;21029;1893;1911
Богучар;Воронежская область;Центральный;11811;1704;1779
Бодайбо;Иркутская область;Сибирский;15331;1864;1903
Бокситогорск;Ленинградская область;Северо-Западный;16593;1929;1950
Болгар;Татарстан;Приволжский;8650;1781;1552
Бологое;Тверская область;Центральный;23499;1495;1918
Болотное;Новосибирская область;Сибирский;16969;1805;1943
Болохово;Тульская область;Центральный;9619;XVI век;1943
Болхов;Орловская область;Центральный;11421;1196;1778
Большой Камень;Приморский край;Дальневосточный;39257;1947;1989
Бор;Нижегородская область;Приволжский;78079;XIV век;1938
Борзя;Забайкальский край;Сибирский;31376;1899;1950
Борисоглебск;Воронежская область;Центральный;65585;1698;1779
Боровичи;Новгородская область;Северо-Западный;54731;XV век;1770
Боровск;Калужская область;Центральный;12283;1358;1358
Бородино;Красноярский край;Сибирский;17423;1949;1981
Братск;Иркутская область;Сибирский;246348;1631;1955
Бронницы;Московская область;Центральный;21102;1453;1781
Брянск;Брянская область;Центральный;415640;985;985
Бугульма;Татарстан;Приволжский;89144;1736;1781
Бугуруслан;Оренбургская область;Приволжский;52249;1748;1781
Будённовск;Ставропольский край;Северо-Кавказский;64628;1799;1799
Бузулук;Оренбургская область;Приволжский;82816;1736;1781
Буинск;Татарстан;Приволжский;20342;1691;1780
Буй;Костромская область;Центральный;25763;1536;1719
Буйнакск;Дагестан;Северо-Кавказский;65735;1834;1866
Бутурлиновка;Воронежская область;Центральный;27208;1740;1917
Валдай;Новгородская область;Северо-Западный;16099;XV век;1770
Валуйки;Белгородская область;Центральный;35322;1593;1593
Велиж;Смоленская область;Центральный;7620;1536;1776
Великие Луки;Псковская область;Северо-Западный;98778;1166;1777
Великий Новгород;Новгородская область;Северо-Западный;218724;VIII—IX века;859
Великий Устюг;Вологодская область;Северо-Западный;31664;1147;1147
Вельск;Архангельская область;Северо-Западный;23885;1137;1780
Венёв;Тульская область;Центральный;15220;1371;1777
Верещагино;Пермский край;Приволжский;22760;1898;1942
Верея;Московская область;Центральный;5368;1371;1781
Верхнеуральск;Челябинская область;Уральский;9459;1734;1781
Верхний Тагил;Свердловская область;Уральский;11843;1716;1966
Верхний Уфалей;Челябинская область;Уральский;30504;1761;1941
Верхняя Пышма;Свердловская область;Уральский;58707;1854;1946
Верхняя Салда;Свердловская область;Уральский;46240;1778;1938
Верхняя Тура;Свердловская область;Уральский;9468;1737;1941
Верхотурье;Свердловская область;Уральский;8815;1597;1598
Верхоянск;Якутия;Дальневосточный;1311;1638;1817
Весьегонск;Тверская область;Центральный;7330;1564;1776
Ветлуга;Нижегородская область;Приволжский;8956;1606;1778
Видное;Московская область;Центральный;56798;1949;1965
Вилюйск;Якутия;Дальневосточный;10233;1634;1783
Вилючинск;Камчатский край;Дальневосточный;22905;1968;1968
Вихоревка;Иркутская область;Сибирский;22528;1947;1966
Вичуга;Ивановская область;Центральный;37609;1925;1925
Владивосток;Приморский край;Дальневосточный;592069;1860;1880
Владикавказ;Северная Осетия — Алания;Северо-Кавказский;311635;1784;1860
Владимир;Владимирская область;Центральный;348256;990;990
Волгоград;Волгоградская область;Южный;1004763;1589;1780
Волгодонск;Ростовская область;Южный;170621;1950;1956
Волгореченск;Костромская область;Центральный;17108;1964;1994
Волжск;Марий Эл;Приволжский;55671;XVI век;1940
Волжский;Волгоградская область;Южный;314436;1951;1954
Вологда;Вологодская область;Северо-Западный;301642;1147;1147
Володарск;Нижегородская область;Приволжский;9924;XIX век;1956
Волоколамск;Московская область;Центральный;23386;1135;1135
Волосово;Ленинградская область;Северо-Западный;12162;1870;1999
Волхов;Ленинградская область;Северо-Западный;47344;1918;1933
Волчанск;Свердловская область;Уральский;10008;1956;1956
Вольск;Саратовская область;Приволжский;66520;1780;1780
Воркута;Коми;Северо-Западный;70551;1936;1943
Воронеж;Воронежская область;Центральный;1050602;1586;1586
Ворсма;Нижегородская область;Приволжский;11622;1588;1955
Воскресенск;Московская область;Центральный;91301;1862;1938
Воткинск;Удмуртия;Приволжский;100034;1759;1935
Всеволожск;Ленинградская область;Северо-Западный;59689;1892;1963
Вуктыл;Коми;Северо-Западный;12357;1968;1984
Выборг;Ленинградская область;Северо-Западный;80013;1293;1403
Выкса;Нижегородская область;Приволжский;56196;XVI век;1934
Высоковск;Московская область;Центральный;10642;1864;1940
Высоцк;Ленинградская область;Северо-Западный;1244;1532;1940
Вытегра;Вологодская область;Северо-Западный;10490;1710;1773
Вышний Волочёк;Тверская область;Центральный;52326;1471;1770
Вяземский;Хабаровский край;Дальневосточный;14556;1894;1951
Вязники;Владимирская область;Центральный;41252;1608;1778
Вязьма;Смоленская область;Центральный;57103;1239;1776
Вятские Поляны;Кировская область;Приволжский;35159;1596;1942
Гаврилов Посад;Ивановская область;Центральный;6434;1434;1789
Гаврилов-Ям;Ярославская область;Центральный;17792;1545;1938
Гагарин;Смоленская область;Центральный;31721;1705;1776
Гаджиево;Мурманская область;Северо-Западный;11089;1957;1981
Гай;Оренбургская область;Приволжский;38302;1959;1979
Галич;Костромская область;Центральный;17346;1159;1237
Гатчина;Ленинградская область;Северо-Западный;92566;1499;1796
Гвардейск;Калининградская область;Северо-Западный;13888;1255;1722
Гдов;Псковская область;Северо-Западный;4379;XIV век;1322
Геленджик;Краснодарский край;Южный;54813;1831;1915
Георгиевск;Ставропольский край;Северо-Кавказский;72126;1777;1786
Глазов;Удмуртия;Приволжский;95835;1678;1780
Голицыно;Московская область;Центральный;17447;1872;2004
Горбатов;Нижегородская область;Приволжский;2278;XVI век;1779
Горно-Алтайск;Алтай;Сибирский;62861;1830;1928
Горнозаводск;Пермский край;Приволжский;12334;1947;1965
Горняк;Алтайский край;Сибирский;13040;1942;1969
Городец;Нижегородская область;Приволжский;30699;1152;1922
Городище;Пензенская область;Приволжский;8102;1681;1780
Городовиковск;Калмыкия;Южный;9565;1872;1971
Гороховец;Владимирская область;Центральный;14015;1158;1158
Горячий Ключ;Краснодарский край;Южный;30093;1868;1965
Грайворон;Белгородская область;Центральный;6234;1678;1838
Гремячинск;Пермский край;Приволжский;11005;1941;1949
Грозный;Чечня;Северо-Кавказский;271596;1818;1869
Грязи;Липецкая область;Центральный;46798;1868;1938
Грязовец;Вологодская область;Северо-Западный;15528;1538;1780
Губаха;Пермский край;Приволжский;27544;1755;1941
Губкин;Белгородская область;Центральный;88562;1939;1955
Губкинский;Ямало-Ненецкий АО;Уральский;23340;1986;1996
Гудермес;Чечня;Северо-Кавказский;45643;XIX век;1941
Гуково;Ростовская область;Южный;67268;1878;1955
Гулькевичи;Краснодарский край;Южный;35225;1875;1961
Гурьевск;Калининградская область;Северо-Западный;12433;1262;1946
Гурьевск;Кемеровская область;Сибирский;24816;1816;1938
Гусев;Калининградская область;Северо-Западный;28260;XVI век;1724
Гусиноозёрск;Бурятия;Сибирский;23280;1939;1953
Гусь-Хрустальный;Владимирская область;Центральный;60773;1756;1931
Давлеканово;Башкортостан;Приволжский;24040;1730-е;1942
Дагестанские Огни;Дагестан;Северо-Кавказский;30671;1914;1914
Далматово;Курганская область;Уральский;13913;1644;1947
Дальнегорск;Приморский край;Дальневосточный;37503;1897;1989
Дальнереченск;Приморский край;Дальневосточный;27601;1859;1917
Данилов;Ярославская область;Центральный;15861;XV век;1777
Данков;Липецкая область;Центральный;21056;1563;1957
Дегтярск;Свердловская область;Уральский;15521;1914;1954
Дедовск;Московская область;Центральный;29280;1911;1940
Демидов;Смоленская область;Центральный;7333;1499;1776
Дербент;Дагестан;Северо-Кавказский;119961;438;1840
Десногорск;Смоленская область;Центральный;29677;1974;1989
Джанкой;Крым;Южный;38622;1784;1917
Дзержинск;Нижегородская область;Приволжский;240762;1606;1930
Дзержинский;Московская область;Центральный;47125;1380-е;1981
Дивногорск;Красноярский край;Сибирский;28271;1956;1963
Дигора;Северная Осетия — Алания;Северо-Кавказский;10856;1852;1964
Димитровград;Ульяновская область;Приволжский;122549;1698;1926
Дмитриев;Курская область;Центральный;7721;1779;1779
Дмитров;Московская область;Центральный;61454;1154;1154
Дмитровск;Орловская область;Центральный;5956;1711;1782
Дно;Псковская область;Северо-Западный;9061;1897;1925
Добрянка;Пермский край;Приволжский;35720;1623;1943
Долгопрудный;Московская область;Центральный;90976;1931;1957
Долинск;Сахалинская область;Дальневосточный;12200;1884;1946
Домодедово;Московская область;Центральный;96123;1900;1947
Донецк;Ростовская область;Южный;50085;1681;1951
Донской;Тульская область;Центральный;64561;1773;1939
Дорогобуж;Смоленская область;Центральный;10720;1150;XIII век
Дрезна;Московская область;Центральный;11815;1897;1940
Дубна;Московская область;Центральный;70569;1956;1956
Дубовка;Волгоградская область;Южный;14345;1732;1803
Дудинка;Красноярский край;Сибирский;22207;1667;1951
Духовщина;Смоленская область;Центральный;4370;1675;1777
Дюртюли;Башкортостан;Приволжский;31272;1795;1989
Дятьково;Брянская область;Центральный;29438;1626;1938
Евпатория;Крым;Южный;105719;497 год до н. э.;1784
Егорьевск;Московская область;Центральный;70133;1462;1778
Ейск;Краснодарский край;Южный;87771;1848;1848
Екатеринбург;Свердловская область;Уральский;1495066;1723;1781
Елабуга;Татарстан;Приволжский;70750;XI век;1780
Елец;Липецкая область;Центральный;108404;1146;1778
Елизово;Камчатский край;Дальневосточный;39548;1848;1975
Ельня;Смоленская область;Центральный;10095;1150;1776
Еманжелинск;Челябинская область;Уральский;30218;1931;1951
Емва;Коми;Северо-Западный;14574;1941;1985
Енисейск;Красноярский край;Сибирский;18769;1619;1676
Ермолино;Калужская область;Центральный;10409;1601;2008
Ершов;Саратовская область;Приволжский;21447;1893;1963
Ессентуки;Ставропольский край;Северо-Кавказский;100969;1825;1917
Ефремов;Тульская область;Центральный;42350;1637;1777
Железноводск;Ставропольский край;Северо-Кавказский;24496;1810;1917
Железногорск;Красноярский край;Сибирский;85559;1950;1954
Железногорск;Курская область;Центральный;95057;1957;1962
Железногорск-Илимский;Иркутская область;Сибирский;26134;1948;1965
Жердевка;Тамбовская область;Центральный;15211;1745;1954
Жигулёвск;Самарская область;Приволжский;57565;1949;1952
Жиздра;Калужская область;Центральный;5585;1146;1777
Жирновск;Волгоградская область;Южный;16890;XVIII век;1958
Жуков;Калужская область;Центральный;12150;XVII век;1996
Жуковка;Брянская область;Центральный;18269;1871;1962
Жуковский;Московская область;Центральный;102729;1935;1947
Завитинск;Амурская область;Дальневосточный;11481;1906;1954
Заводоуковск;Тюменская область;Уральский;25657;1729;1960
Заволжск;Ивановская область;Центральный;12045;XIX век;1954
Заволжье;Нижегородская область;Приволжский;40265;1947;1964
Задонск;Липецкая область;Центральный;9695;1615;1779
Заинск;Татарстан;Приволжский;41798;1656;1978
Закаменск;Бурятия;Сибирский;11249;1934;1944
Заозёрный;Красноярский край;Сибирский;10683;1776;1948
Заозёрск;Мурманская область;Северо-Западный;11206;1958;1958
Западная Двина;Тверская область;Центральный;9376;1900;1937
Заполярный;Мурманская область;Северо-Западный;15835;1956;1963
Зарайск;Московская область;Центральный;24648;1146;1778
Заречный;Пензенская область;Приволжский;63579;1958;1958
Заречный;Свердловская область;Уральский;26803;1955;1992
Заринск;Алтайский край;Сибирский;47035;1748;1979
Звенигово;Марий Эл;Приволжский;11945;1860;1974
Звенигород;Московская область;Центральный;16395;1152;1781
Зверево;Ростовская область;Южный;22416;1819;1989
Зеленогорск;Красноярский край;Сибирский;66018;1956;1956
Зеленоградск;Калининградская область;Северо-Западный;13015;1252;1947
Зеленодольск;Татарстан;Приволжский;97651;1865;1932
Зеленокумск;Ставропольский край;Северо-Кавказский;35790;1781;1965
Зерноград;Ростовская область;Южный;26850;1929;1951
Зея;Амурская область;Дальневосточный;25042;1879;1907
Зима;Иркутская область;Сибирский;32522;1743;1922
Златоуст;Челябинская область;Уральский;174985;1754;1865
Злынка;Брянская область;Центральный;5507;1702;1925
Змеиногорск;Алтайский край;Сибирский;10569;1736;1952
Знаменск;Астраханская область;Южный;29357;1948;1962
Зубцов;Тверская область;Центральный;6937;1216;1216
Зуевка;Кировская область;Приволжский;11198;1899;1944
Ивангород;Ленинградская область;Северо-Западный;9797;1492;1954
Иваново;Ивановская область;Центральный;409277;1561;1871
Ивантеевка;Московская область;Центральный;58594;1564;1938
Ивдель;Свердловская область;Уральский;17764;1831;1943
Игарка;Красноярский край;Сибирский;6183;1929;1931
Ижевск;Удмуртия;Приволжский;628117;1760;1918
Избербаш;Дагестан;Северо-Кавказский;56301;1932;1949
Изобильный;Ставропольский край;Северо-Кавказский;40546;1895;1965
Иланский;Красноярский край;Сибирский;16108;1646;1939
Инза;Ульяновская область;Приволжский;18547;1897;1946
Иннополис;Татарстан;Приволжский;405[3];2012;2015
Инсар;Мордовия;Приволжский;8687;1648;1780
Инта;Коми;Северо-Западный;32021;1940;1954
Ипатово;Ставропольский край;Северо-Кавказский;26055;1860;1979
Ирбит;Свердловская область;Уральский;38352;1631;1775
Иркутск;Иркутская область;Сибирский;587225;1661;1686
Исилькуль;Омская область;Сибирский;25905;1895;1945
Искитим;Новосибирская область;Сибирский;60072;1717;1938
Истра;Московская область;Центральный;35106;1589;1781
Ишим;Тюменская область;Уральский;69567;1687;1782
Ишимбай;Башкортостан;Приволжский;66259;1932;1940
Йошкар-Ола;Марий Эл;Приволжский;248688;1584;1781
Кадников;Вологодская область;Северо-Западный;4797;1492;1780
Казань;Татарстан;Приволжский;1257341;1005;1005
Калач;Воронежская область;Центральный;20046;1716;1945
Калач-на-Дону;Волгоградская область;Южный;26892;1708;1951
Калачинск;Омская область;Сибирский;24000;1952;1918
Калининград;Калининградская область;Северо-Западный;431491;1255;1255
Калининск;Саратовская область;Приволжский;16442;1680;1962
Калтан;Кемеровская область;Сибирский;21893;1946;1959
Калуга;Калужская область;Центральный;325185;1371;1371
Калязин;Тверская область;Центральный;13870;1434;1775
Камбарка;Удмуртия;Приволжский;11028;1767;1945
Каменка;Пензенская область;Приволжский;39579;XVIII век;1951
Каменногорск;Ленинградская область;Северо-Западный;6761;1597;1940
Каменск-Уральский;Свердловская область;Уральский;174710;1682;1935
Каменск-Шахтинский;Ростовская область;Южный;95306;1671;1927
Камень-на-Оби;Алтайский край;Сибирский;41787;1751;1915
Камешково;Владимирская область;Центральный;13113;1892;1951
Камызяк;Астраханская область;Южный;16291;1560;1973
Камышин;Волгоградская область;Южный;119924;1668;1780
Камышлов;Свердловская область;Уральский;26875;1668;1781
Канаш;Чувашия;Приволжский;45608;1892;1925
Кандалакша;Мурманская область;Северо-Западный;35659;1517;1938
Канск;Красноярский край;Сибирский;94230;1636;1782
Карабаново;Владимирская область;Центральный;14868;1630;1938
Карабаш;Челябинская область;Уральский;13151;1822;1933
Карабулак;Ингушетия;Северо-Кавказский;31081;1859;1995
Карасук;Новосибирская область;Сибирский;28929;1912;1954
Карачаевск;Карачаево-Черкесия;Северо-Кавказский;23848;1926;1929
Карачев;Брянская область;Центральный;19715;1146;1146
Каргат;Новосибирская область;Сибирский;10620;XVIII век;1965
Каргополь;Архангельская область;Северо-Западный;10148;1447;1613
Карпинск;Свердловская область;Уральский;29118;1759;1941
Карталы;Челябинская область;Уральский;29136;1810;1944
Касимов;Рязанская область;Центральный;33494;1152;1152
Касли;Челябинская область;Уральский;16998;1747;1942
Каспийск;Дагестан;Северо-Кавказский;103914;1932;1947
Катав-Ивановск;Челябинская область;Уральский;17640;1755;1938
Катайск;Курганская область;Уральский;14017;1655;1944
Качканар;Свердловская область;Уральский;42563;1957;1968
Кашин;Тверская область;Центральный;16174;1238;1238
Кашира;Московская область;Центральный;41880;1356;1777
Кедровый;Томская область;Сибирский;2451;1982;1987
Кемерово;Кемеровская область;Сибирский;532884;1918;1918
Кемь;Карелия;Северо-Западный;13061;XIV век;1785
Керчь;Крым;Южный;147033;VII — VI век до н. э.;
Кизел;Пермский край;Приволжский;20277;1750;1926
Кизилюрт;Дагестан;Северо-Кавказский;36187;1927;1963
Кизляр;Дагестан;Северо-Кавказский;49169;1735;1785
Кимовск;Тульская область;Центральный;28493;XVII век;1952
Кимры;Тверская область;Центральный;49623;1546;1917
Кингисепп;Ленинградская область;Северо-Западный;48667;1384;1784
Кинель;Самарская область;Приволжский;34472;1837;1944
Кинешма;Ивановская область;Центральный;88113;1429;1504
Киреевск;Тульская область;Центральный;25585;1762;1956
Киренск;Иркутская область;Сибирский;12652;1630;1775
Киржач;Владимирская область;Центральный;30044;1332;1778
Кириллов;Вологодская область;Северо-Западный;7735;1397;1776
Кириши;Ленинградская область;Северо-Западный;52826;1693;1965
Киров;Калужская область;Центральный;31888;1745;1936
Киров;Кировская область;Приволжский;473668;1181;1181
Кировград;Свердловская область;Уральский;21959;1661;1932
Кирово-Чепецк;Кировская область;Приволжский;80920;1935;1955
Кировск;Ленинградская область;Северо-Западный;25633;1931;1953
Кировск;Мурманская область;Северо-Западный;28659;1929;1931
Кирс;Кировская область;Приволжский;10420;1729;1965
Кирсанов;Тамбовская область;Центральный;17240;1702;1779
Киселёвск;Кемеровская область;Сибирский;98382;1917;1936
Кисловодск;Ставропольский край;Северо-Кавказский;128502;1803;1903
Клин;Московская область;Центральный;80584;1317;1781
Клинцы;Брянская область;Центральный;62510;1707;1925
Княгинино;Нижегородская область;Приволжский;6708;1569;1998
Ковдор;Мурманская область;Северо-Западный;18836;1953;1965
Ковров;Владимирская область;Центральный;145492;XII век;1778
Ковылкино;Мордовия;Приволжский;21307;1892;1960
Когалым;Ханты-Мансийский АО — Югра;Уральский;58192;1975;1985
Кодинск;Красноярский край;Сибирский;14835;1977;1989
Козельск;Калужская область;Центральный;18203;XII век;1146
Козловка;Чувашия;Приволжский;10355;1671;1967
Козьмодемьянск;Марий Эл;Приволжский;21262;1583;1781
Кола;Мурманская область;Северо-Западный;10447;1517;1965
Кологрив;Костромская область;Центральный;3314;XVII век;1778
Коломна;Московская область;Центральный;144642;1177;1177
Колпашево;Томская область;Сибирский;24126;XVII век;1938
Кольчугино;Владимирская область;Центральный;45804;1871;1931
Коммунар;Ленинградская область;Северо-Западный;20265;1843;1993
Комсомольск;Ивановская область;Центральный;8693;1931;1950
Комсомольск-на-Амуре;Хабаровский край;Дальневосточный;263906;1860;1932
Конаково;Тверская область;Центральный;41303;1806;1937
Кондопога;Карелия;Северо-Западный;32978;1563;1938
Кондрово;Калужская область;Центральный;16672;1615;1938
Константиновск;Ростовская область;Южный;17926;1593;1967
Копейск;Челябинская область;Уральский;137604;1907;1933
Кораблино;Рязанская область;Центральный;12657;1676;1965
Кореновск;Краснодарский край;Южный;41179;1794;1961
Коркино;Челябинская область;Уральский;38950;1795;1942
Королёв;Московская область;Центральный;225 858;1938;1938
Короча;Белгородская область;Центральный;5877;1637;1638
Корсаков;Сахалинская область;Дальневосточный;33526;1853;1946
Коряжма;Архангельская область;Северо-Западный;39629;1535;1985
Костерёво;Владимирская область;Центральный;9136;1890;1981
Костомукша;Карелия;Северо-Западный;28433;1977;1983
Кострома;Костромская область;Центральный;268617;1152;1152
Котельники;Московская область;Центральный;32347;XVII век;2004
Котельниково;Волгоградская область;Южный;20441;1897;1955
Котельнич;Кировская область;Приволжский;24979;1143;1780
Котлас;Архангельская область;Северо-Западный;60562;1617;1917
Котово;Волгоградская область;Южный;24104;1710-е;1966
Котовск;Тамбовская область;Центральный;31851;1940;1940
Кохма;Ивановская область;Центральный;29408;1619;1925
Красавино;Вологодская область;Северо-Западный;7003;1848;1947
Красноармейск;Московская область;Центральный;26294;1928;1947
Красноармейск;Саратовская область;Приволжский;24362;1765;1918
Красновишерск;Пермский край;Приволжский;17129;1894;1942
Красногорск;Московская область;Центральный;116738;1932;1940
Краснодар;Краснодарский край;Южный;948827;1793;1867
Краснозаводск;Московская область;Центральный;13432;1916;1940
Краснознаменск;Калининградская область;Северо-Западный;3522;1576;1946
Краснознаменск;Московская область;Центральный;36057;1952;1981
Краснокаменск;Забайкальский край;Сибирский;55668;1967;1969
Краснокамск;Пермский край;Приволжский;52632;1929;1938
Красноперекопск;Крым;Южный;26268;1932;1966
Краснослободск;Волгоградская область;Южный;16007;1870;1955
Краснослободск;Мордовия;Приволжский;10151;1571;1706
Краснотурьинск;Свердловская область;Уральский;59701;1758;1994
Красноуральск;Свердловская область;Уральский;24973;1925;1931
Красноуфимск;Свердловская область;Уральский;39765;1736;1781
Красноярск;Красноярский край;Сибирский;1092851;1628;1690
Красный Кут;Саратовская область;Приволжский;14420;1837;1966
Красный Сулин;Ростовская область;Южный;40866;1797;1926
Красный Холм;Тверская область;Центральный;5608;1518;1776
Кремёнки;Калужская область;Центральный;11617;XVIII век;2004
Кропоткин;Краснодарский край;Южный;80743;1879;1921
Крымск;Краснодарский край;Южный;57370;1862;1958
Кстово;Нижегородская область;Приволжский;66641;XIV век;1957
Кубинка;Московская область;Центральный;22918;XV век;2004
Кувандык;Оренбургская область;Приволжский;26176;XIX век;1953
Кувшиново;Тверская область;Центральный;10008;1910;1938
Кудрово;Ленинградская область;Северо-Западный;13501[4];1926;2018
Кудымкар;Пермский край;Приволжский;30711;1579;1938
Кузнецк;Пензенская область;Приволжский;88886;1699;1780
Куйбышев;Новосибирская область;Сибирский;47278;1722;1722
Кукмор;Татарстан;Приволжский;17700[4];1741;2017
Кулебаки;Нижегородская область;Приволжский;35762;1677;1932
Кумертау;Башкортостан;Приволжский;62854;1947;1953
Кунгур;Пермский край;Приволжский;67857;1663;1781
Купино;Новосибирская область;Сибирский;15448;1886;1944
Курган;Курганская область;Уральский;333640;1679;1782
Курганинск;Краснодарский край;Южный;47974;1855;1961
Курильск;Сахалинская область;Дальневосточный;2070;XVIII век;1947
Курлово;Владимирская область;Центральный;6791;1811;1998
Куровское;Московская область;Центральный;21821;1646;1952
Курск;Курская область;Центральный;414595;1032;1779
Куртамыш;Курганская область;Уральский;17098;1745;1956
Курчалой;Чечня;Северо-Кавказский;25672;1860;2019
Курчатов;Курская область;Центральный;42691;1968;1983
Куса;Челябинская область;Уральский;18792;1778;1943
Кушва;Свердловская область;Уральский;33027;1735;1925
Кызыл;Тыва;Сибирский;109906;1914;1914
Кыштым;Челябинская область;Уральский;38950;1757;1934
Кяхта;Бурятия;Сибирский;20013;1727;1805
Лабинск;Краснодарский край;Южный;62822;1841;1947
Лабытнанги;Ямало-Ненецкий АО;Уральский;26948;1890;1975
Лагань;Калмыкия;Южный;14323;1870;1963
Ладушкин;Калининградская область;Северо-Западный;3788;1314;1946
Лаишево;Татарстан;Приволжский;7735;1557;2004
Лакинск;Владимирская область;Центральный;15707;XV век;1969
Лангепас;Ханты-Мансийский АО — Югра;Уральский;41675;1980;1985
Лахденпохья;Карелия;Северо-Западный;7818;1600;1945
Лебедянь;Липецкая область;Центральный;20991;1605;1613
Лениногорск;Татарстан;Приволжский;64145;1795;1955
Ленинск;Волгоградская область;Южный;15527;1802;1963
Ленинск-Кузнецкий;Кемеровская область;Сибирский;101666;1763;1925
Ленск;Якутия;Дальневосточный;24955;1663;1963
Лермонтов;Ставропольский край;Северо-Кавказский;22540;1953;1956
Лесной;Свердловская область;Уральский;52464;1947;1954
Лесозаводск;Приморский край;Дальневосточный;36975;1932;1938
Лесосибирск;Красноярский край;Сибирский;61146;1975;1975
Ливны;Орловская область;Центральный;50430;1586;1586
Ликино-Дулёво;Московская область;Центральный;31331;1930;1937
Липецк;Липецкая область;Центральный;508124;1703;1779
Липки;Тульская область;Центральный;8741;XVII век;1955
Лиски;Воронежская область;Центральный;55864;XVI век;1937
Лихославль;Тверская область;Центральный;12259;1624;1925
Лобня;Московская область;Центральный;74350;1902;1961
Лодейное Поле;Ленинградская область;Северо-Западный;21053;1702;1785
Лосино-Петровский;Московская область;Центральный;22550;1708;1951
Луга;Ленинградская область;Северо-Западный;36409;1777;1777
Луза;Кировская область;Приволжский;11262;1899;1944
Лукоянов;Нижегородская область;Приволжский;14949;XVI век;1779
Луховицы;Московская область;Центральный;29849;1594;1957
Лысково;Нижегородская область;Приволжский;21882;1410;1922
Лысьва;Пермский край;Приволжский;67712;1785;1926
Лыткарино;Московская область;Центральный;55147;1429;1957
Льгов;Курская область;Центральный;21452;1152;1779
Любань;Ленинградская область;Северо-Западный;4188;1499;1917
Люберцы;Московская область;Центральный;171978;1623;1925
Любим;Ярославская область;Центральный;5553;1538;1777
Людиново;Калужская область;Центральный;40550;1626;1938
Лянтор;Ханты-Мансийский АО — Югра;Уральский;38922;1932;1992
Магадан;Магаданская область;Дальневосточный;95925;1929;1939
Магас;Ингушетия;Северо-Кавказский;2505;1994;2000
Магнитогорск;Челябинская область;Уральский;408401;1929;1931
Майкоп;Адыгея;Южный;144055;1857;1870
Майский;Кабардино-Балкария;Северо-Кавказский;26755;XIX век;1965
Макаров;Сахалинская область;Дальневосточный;6788;1892;1946
Макарьев;Костромская область;Центральный;7114;1439;1778
Макушино;Курганская область;Уральский;8337;1797;1963
Малая Вишера;Новгородская область;Северо-Западный;12461;1843;1921
Малгобек;Ингушетия;Северо-Кавказский;31076;1934;1939
Малмыж;Кировская область;Приволжский;8265;XV век;1780
Малоархангельск;Орловская область;Центральный;3872;XVII век;1778
Малоярославец;Калужская область;Центральный;30401;1402;1776
Мамадыш;Татарстан;Приволжский;14432;1391;1781
Мамоново;Калининградская область;Северо-Западный;7757;1301;1301
Мантурово;Костромская область;Центральный;17479;1617;1958
Мариинск;Кемеровская область;Сибирский;40522;1698;1856
Мариинский Посад;Чувашия;Приволжский;10186;1620;1856
Маркс;Саратовская область;Приволжский;31535;1765;1918
Махачкала;Дагестан;Северо-Кавказский;577990;1844;1857
Мглин;Брянская область;Центральный;7916;1387;1154
Мегион;Ханты-Мансийский АО — Югра;Уральский;49471;1810;1980
Медвежьегорск;Карелия;Северо-Западный;15536;1916;1938
Медногорск;Оренбургская область;Приволжский;27253;1933;1939
Медынь;Калужская область;Центральный;8298;1386;1386
Межгорье;Башкортостан;Приволжский;17353;1979;1995
Междуреченск;Кемеровская область;Сибирский;101995;1946;1955
Мезень;Архангельская область;Северо-Западный;3599;XVI век;1780
Меленки;Владимирская область;Центральный;15208;XVIII век;1778
Мелеуз;Башкортостан;Приволжский;61408;1766;1958
Менделеевск;Татарстан;Приволжский;22075;1868;1967
Мензелинск;Татарстан;Приволжский;16474;1586;1781
Мещовск;Калужская область;Центральный;4101;1238;1776
Миасс;Челябинская область;Уральский;151812;1773;1919
Микунь;Коми;Северо-Западный;10732;1937;1959
Миллерово;Ростовская область;Южный;36493;1786;1926
Минеральные Воды;Ставропольский край;Северо-Кавказский;76715;1878;1922
Минусинск;Красноярский край;Сибирский;71171;1739;1822
Миньяр;Челябинская область;Уральский;10195;1771;1943
Мирный;Якутия;Дальневосточный;37179;1955;1959
Мирный;Архангельская область;Северо-Западный;30259;1957;1967
Михайлов;Рязанская область;Центральный;11783;1137;1551
Михайловка;Волгоградская область;Южный;59153;1762;1948
Михайловск;Свердловская область;Уральский;9215;1805;1961
Михайловск;Ставропольский край;Северо-Кавказский;71018;1784;1999
Мичуринск;Тамбовская область;Центральный;98758;1635;1635
Могоча;Забайкальский край;Сибирский;13228;1910;1950
Можайск;Московская область;Центральный;31388;1231;1277
Можга;Удмуртия;Приволжский;47959;1835;1926
Моздок;Северная Осетия — Алания;Северо-Кавказский;38748;1763;1785
Мончегорск;Мурманская область;Северо-Западный;45381;1937;1937
Морозовск;Ростовская область;Южный;27644;1910;1941
Моршанск;Тамбовская область;Центральный;41550;1623;1779
Мосальск;Калужская область;Центральный;4285;1231;1776
Москва;Москва;Центральный;12655050;1147;1147
Муравленко;Ямало-Ненецкий АО;Уральский;33401;1984;1990
Мураши;Кировская область;Приволжский;6752;1895;1944
Мурино;Ленинградская область;Северо-Западный;19775[4];1676;2019
Мурманск;Мурманская область;Северо-Западный;307664;1916;1916
Муром;Владимирская область;Центральный;116078;862;862
Мценск;Орловская область;Центральный;43216;1146;1778
Мыски;Кемеровская область;Сибирский;43029;1826;1956
Мытищи;Московская область;Центральный;173341;1460;1925
Мышкин;Ярославская область;Центральный;5932;XV век;1991
Набережные Челны;Татарстан;Приволжский;513242;1626;1930
Навашино;Нижегородская область;Приволжский;16413;1891;1957
Наволоки;Ивановская область;Центральный;10207;1775;1938
Надым;Ямало-Ненецкий АО;Уральский;46550;1597;1972
Назарово;Красноярский край;Сибирский;52829;1700;1961
Назрань;Ингушетия;Северо-Кавказский;93357;1781;1967
Называевск;Омская область;Сибирский;12119;1910;1956
Нальчик;Кабардино-Балкария;Северо-Кавказский;240095;1724;1921
Нариманов;Астраханская область;Южный;11386;1963;1984
Наро-Фоминск;Московская область;Центральный;64640;1840;1926
Нарткала;Кабардино-Балкария;Северо-Кавказский;31679;1913;1955
Нарьян-Мар;Ненецкий АО;Северо-Западный;21296;1929;1935
Находка;Приморский край;Дальневосточный;159695;1864;1950
Невель;Псковская область;Северо-Западный;16324;1562;1773
Невельск;Сахалинская область;Дальневосточный;11682;1946;1946
Невинномысск;Ставропольский край;Северо-Кавказский;118351;1825;1939
Невьянск;Свердловская область;Уральский;25147;1701;1919
Нелидово;Тверская область;Центральный;22886;1900;1924
Неман;Калининградская область;Северо-Западный;11794;1277;1722
Нерехта;Костромская область;Центральный;22817;1214;1778
Нерчинск;Забайкальский край;Сибирский;14976;1653;1689
Нерюнгри;Якутия;Дальневосточный;61746;1975;1975
Нестеров;Калининградская область;Северо-Западный;4584;1539;1722
Нефтегорск;Самарская область;Приволжский;18732;1960;1989
Нефтекамск;Башкортостан;Приволжский;121757;1957;1963
Нефтекумск;Ставропольский край;Северо-Кавказский;27700;1958;1968
Нефтеюганск;Ханты-Мансийский АО — Югра;Уральский;123276;1961;1967
Нея;Костромская область;Центральный;9827;1906;1958
Нижневартовск;Ханты-Мансийский АО — Югра;Уральский;251860;1909;1972
Нижнекамск;Татарстан;Приволжский;234108;1961;1966
Нижнеудинск;Иркутская область;Сибирский;37056;1648;1783
Нижние Серги;Свердловская область;Уральский;11217;1743;1943
Нижний Ломов;Пензенская область;Приволжский;22678;1636;1780
Нижний Новгород;Нижегородская область;Приволжский;1244254;1221;1221
Нижний Тагил;Свердловская область;Уральский;361883;1722;1919
Нижняя Салда;Свердловская область;Уральский;17969;1760;1938
Нижняя Тура;Свердловская область;Уральский;21596;1754;1949
Николаевск;Волгоградская область;Южный;15081;1747;1967
Николаевск-на-Амуре;Хабаровский край;Дальневосточный;22773;1850;1856
Никольск;Вологодская область;Северо-Западный;8515;XIV век;1780
Никольск;Пензенская область;Приволжский;22471;1761;1954
Никольское;Ленинградская область;Северо-Западный;19345;1710;1990
Новая Ладога;Ленинградская область;Северо-Западный;8890;1704;1704
Новая Ляля;Свердловская область;Уральский;12400;1903;1938
Новоалександровск;Ставропольский край;Северо-Кавказский;26759;1804;1971
Новоалтайск;Алтайский край;Сибирский;73134;1736;1942
Новоаннинский;Волгоградская область;Южный;17911;1872;1956
Нововоронеж;Воронежская область;Центральный;32635;1957;1987
Новодвинск;Архангельская область;Северо-Западный;40612;1936;1977
Новозыбков;Брянская область;Центральный;40552;1701;1809
Новокубанск;Краснодарский край;Южный;34847;1867;1966
Новокузнецк;Кемеровская область;Сибирский;547885;1618;1622
Новокуйбышевск;Самарская область;Приволжский;108449;1946;1952
Новомичуринск;Рязанская область;Центральный;19309;1968;1981
Новомосковск;Тульская область;Центральный;131227;1930;1930
Новопавловск;Ставропольский край;Северо-Кавказский;26556;1777;1981
Новоржев;Псковская область;Северо-Западный;3695;1777;1777
Новороссийск;Краснодарский край;Южный;241788;1838;1866
Новосибирск;Новосибирская область;Сибирский;1620162;1893;1903
Новосиль;Орловская область;Центральный;3799;1155;1777
Новосокольники;Псковская область;Северо-Западный;8119;1901;1925
Новотроицк;Оренбургская область;Приволжский;97914;1920;1945
Новоузенск;Саратовская область;Приволжский;17015;1760;1835
Новоульяновск;Ульяновская область;Приволжский;16032;1957;1967
Новоуральск;Свердловская область;Уральский;91813;1941;1954
Новохопёрск;Воронежская область;Центральный;6849;1710;1779
Новочебоксарск;Чувашия;Приволжский;124094;1960;1965
Новочеркасск;Ростовская область;Южный;169039;1805;1805
Новошахтинск;Ростовская область;Южный;111087;1910;1939
Новый Оскол;Белгородская область;Центральный;19530;1637;1647
Новый Уренгой;Ямало-Ненецкий АО;Уральский;104144;1975;1980
Ногинск;Московская область;Центральный;99762;1389;1781
Нолинск;Кировская область;Приволжский;9556;1668;1780
Норильск;Красноярский край;Сибирский;175301;1935;1953
Ноябрьск;Ямало-Ненецкий АО;Уральский;110572;1976;1982
Нурлат;Татарстан;Приволжский;32600;1905;1961
Нытва;Пермский край;Приволжский;19041;1756;1942
Нюрба;Якутия;Дальневосточный;10156;1824;1997
Нягань;Ханты-Мансийский АО — Югра;Уральский;54903;1965;1985
Нязепетровск;Челябинская область;Уральский;12452;1747;1944
Няндома;Архангельская область;Северо-Западный;22354;1898;1939
Облучье;Еврейская АО;Дальневосточный;9379;1911;1915
Обнинск;Калужская область;Центральный;104798;1946;1956
Обоянь;Курская область;Центральный;13562;1639;1779
Обь;Новосибирская область;Сибирский;26137;1934;1969
Одинцово;Московская область;Центральный;139021;1470;1957
Озёрск;Калининградская область;Северо-Западный;4740;1539;1726
Озёрск;Челябинская область;Уральский;82268;1945;1954
Озёры;Московская область;Центральный;25788;1834;1925
Октябрьск;Самарская область;Приволжский;27244;1684;1956
Октябрьский;Башкортостан;Приволжский;109379;1937;1946
Окуловка;Новгородская область;Северо-Западный;12464;1851;1965
Олёкминск;Якутия;Дальневосточный;9487;1635;1783
Оленегорск;Мурманская область;Северо-Западный;23079;1949;1957
Олонец;Карелия;Северо-Западный;9060;1137;1649
Омск;Омская область;Сибирский;1139897;1716;1782
Омутнинск;Кировская область;Приволжский;23618;1773;1921
Онега;Архангельская область;Северо-Западный;21359;1137;1780
Опочка;Псковская область;Северо-Западный;11601;1414;1412
Орёл;Орловская область;Центральный;317854;1566;1566
Оренбург;Оренбургская область;Приволжский;570329;1743;1743
Орехово-Зуево;Московская область;Центральный;120620;1917;1917
Орлов;Кировская область;Приволжский;6959;1459;1780
Орск;Оренбургская область;Приволжский;238006;1735;1865
Оса;Пермский край;Приволжский;22420;1591;1737
Осинники;Кемеровская область;Сибирский;45997;1926;1938
Осташков;Тверская область;Центральный;18073;XIV век;1770
Остров;Псковская область;Северо-Западный;21670;1341;1341
Островной;Мурманская область;Северо-Западный;2177;1611;1981
Острогожск;Воронежская область;Центральный;33842;1652;1765
Отрадное;Ленинградская область;Северо-Западный;23874;1708;1970
Отрадный;Самарская область;Приволжский;47709;1920-е;1956
Оха;Сахалинская область;Дальневосточный;23007;1908;1938
Оханск;Пермский край;Приволжский;7597;1547;1781
Очёр;Пермский край;Приволжский;15003;1759;1950
Павлово;Нижегородская область;Приволжский;60699;1566;1922
Павловск;Воронежская область;Центральный;25126;1709;1779
Павловский Посад;Московская область;Центральный;63771;1328;1844
Палласовка;Волгоградская область;Южный;15984;1907;1967
Партизанск;Приморский край;Дальневосточный;38648;1896;1932
Певек;Чукотский АО;Дальневосточный;4161;1933;1967
Пенза;Пензенская область;Приволжский;519592;1663;1663
Первомайск;Нижегородская область;Приволжский;14567;XIX век;1951
Первоуральск;Свердловская область;Уральский;149800;1732;1933
Перевоз;Нижегородская область;Приволжский;9201;1593;2001
Пересвет;Московская область;Центральный;14142;1948;2000
Переславль-Залесский;Ярославская область;Центральный;41923;1152;1152
Пермь;Пермский край;Приволжский;1049199;1723;1781
Пестово;Новгородская область;Северо-Западный;15911;1918;1965
Петров Вал;Волгоградская область;Южный;13264;1942;1988
Петровск;Саратовская область;Приволжский;31158;1698;1780
Петровск-Забайкальский;Забайкальский край;Сибирский;18555;1789;1926
Петрозаводск;Карелия;Северо-Западный;263540;1703;1777
Петропавловск-Камчатский;Камчатский край;Дальневосточный;179526;1740;1812
Петухово;Курганская область;Уральский;11291;1779;1944
Петушки;Владимирская область;Центральный;15167;1861;1965
Печора;Коми;Северо-Западный;43458;1940;1949
Печоры;Псковская область;Северо-Западный;12308;1473;1782
Пикалёво;Ленинградская область;Северо-Западный;21567;1620;1954
Пионерский;Калининградская область;Северо-Западный;11017;1254;1952
Питкяранта;Карелия;Северо-Западный;11484;XIX век;1940
Плавск;Тульская область;Центральный;16248;1563;1949
Пласт;Челябинская область;Уральский;17344;1845;1940
Плёс;Ивановская область;Центральный;2341;1410;1925
Поворино;Воронежская область;Центральный;17692;1870;1954
Подольск;Московская область;Центральный;187956;1559;1781
Подпорожье;Ленинградская область;Северо-Западный;18729;1936;1956
Покачи;Ханты-Мансийский АО — Югра;Уральский;17053;1984;1992
Покров;Владимирская область;Центральный;17762;1506;1778
Покровск;Якутия;Дальневосточный;9495;1682;1997
Полевской;Свердловская область;Уральский;64316;1718;1942
Полесск;Калининградская область;Северо-Западный;7580;1258;1642
Полысаево;Кемеровская область;Сибирский;27624;1952;1989
Полярные Зори;Мурманская область;Северо-Западный;15106;1968;1991
Полярный;Мурманская область;Северо-Западный;17304;1896;1939
Поронайск;Сахалинская область;Дальневосточный;16461;1869;1946
Порхов;Псковская область;Северо-Западный;10608;1239;1239
Похвистнево;Самарская область;Приволжский;28181;1888;1947
Почеп;Брянская область;Центральный;17933;1447;1925
Починок;Смоленская область;Центральный;8776;1868;1926
Пошехонье;Ярославская область;Центральный;6085;1680;1777
Правдинск;Калининградская область;Северо-Западный;4323;1312;1335
Приволжск;Ивановская область;Центральный;16749;1484;1938
Приморск;Калининградская область;Северо-Западный;1956;1268;2008
Приморск;Ленинградская область;Северо-Западный;6122;1268;1940
Приморско-Ахтарск;Краснодарский край;Южный;32253;1854;1949
Приозерск;Ленинградская область;Северо-Западный;18929;XII век;1310
Прокопьевск;Кемеровская область;Сибирский;210150;1650;1931
Пролетарск;Ростовская область;Южный;20267;XVII век;1970
Протвино;Московская область;Центральный;37308;1960;1989
Прохладный;Кабардино-Балкария;Северо-Кавказский;59595;1765;1937
Псков;Псковская область;Северо-Западный;203974;903;903
Пугачёв;Саратовская область;Приволжский;41705;1764;1835
Пудож;Карелия;Северо-Западный;9698;1382;1785
Пустошка;Псковская область;Северо-Западный;4619;1901;1925
Пучеж;Ивановская область;Центральный;8583;1594;1793
Пушкино;Московская область;Центральный;102840;1499;1925
Пущино;Московская область;Центральный;20263;1956;1966
Пыталово;Псковская область;Северо-Западный;5826;1782;1933
Пыть-Ях;Ханты-Мансийский АО — Югра;Уральский;41453;1968;1990
Пятигорск;Ставропольский край;Северо-Кавказский;142397;1780;1830
Радужный;Владимирская область;Центральный;18212;1971;1991
Радужный;Ханты-Мансийский АО — Югра;Уральский;43394;1973;1985
Райчихинск;Амурская область;Дальневосточный;20499;1932;1944
Раменское;Московская область;Центральный;96355;1328;1926
Рассказово;Тамбовская область;Центральный;45484;1698;1926
Ревда;Свердловская область;Уральский;61713;1734;1935
Реж;Свердловская область;Уральский;38709;1773;1943
Реутов;Московская область;Центральный;87195;1492;1940
Ржев;Тверская область;Центральный;62026;1216;1216
Родники;Ивановская область;Центральный;26318;1606;1918
Рославль;Смоленская область;Центральный;54898;1137;1755
Россошь;Воронежская область;Центральный;62865;XVII век;1923
Ростов-на-Дону;Ростовская область;Южный;1137704;1749;1807
Ростов;Ярославская область;Центральный;31791;862;862
Рошаль;Московская область;Центральный;21265;1916;1940
Ртищево;Саратовская область;Приволжский;41295;1666;1925
Рубцовск;Алтайский край;Сибирский;146386;1892;1927
Рудня;Смоленская область;Центральный;10029;1363;1926
Руза;Московская область;Центральный;13495;1328;1781
Рузаевка;Мордовия;Приволжский;47529;1631;1973
Рыбинск;Ярославская область;Центральный;200771;1071;1777
Рыбное;Рязанская область;Центральный;18378;1597;1961
Рыльск;Курская область;Центральный;15667;1152;XII век
Ряжск;Рязанская область;Центральный;21676;1502;1778
Рязань;Рязанская область;Центральный;525062;1095;1095
Саки;Крым;Южный;25146;1952;1952
Салават;Башкортостан;Приволжский;156085;1948;1954
Салаир;Кемеровская область;Сибирский;8263;1626;1941
Салехард;Ямало-Ненецкий АО;Уральский;42494;1595;1938
Сальск;Ростовская область;Южный;61312;1812;1926
Самара;Самарская область;Приволжский;1144759;1586;1688
Санкт-Петербург;Санкт-Петербург;Северо-Западный;5384342;1703;1703
Саранск;Мордовия;Приволжский;318841;1641;1780
Сарапул;Удмуртия;Приволжский;101390;1621;1780
Саратов;Саратовская область;Приволжский;836900;1590;1590
Саров;Нижегородская область;Приволжский;92073;1691;1954
Сасово;Рязанская область;Центральный;28117;1642;1926
Сатка;Челябинская область;Уральский;45465;1758;1758
Сафоново;Смоленская область;Центральный;46116;1859;1952
Саяногорск;Хакасия;Сибирский;49889;1830;1975
Саянск;Иркутская область;Сибирский;40786;1970;1985
Светлогорск;Калининградская область;Северо-Западный;10775;1258;1947
Светлоград;Ставропольский край;Северо-Кавказский;38520;1786;1965
Светлый;Калининградская область;Северо-Западный;21380;1640;1955
Светогорск;Ленинградская область;Северо-Западный;15973;1887;1949
Свирск;Иркутская область;Сибирский;13649;XIX век;1949
Свободный;Амурская область;Дальневосточный;58594;1912;1912
Себеж;Псковская область;Северо-Западный;6375;1414;1772
Севастополь;Севастополь;Южный;393304;1783;1783
Северо-Курильск;Сахалинская область;Дальневосточный;2381;1875;1946
Северобайкальск;Бурятия;Сибирский;23673;1974;1980
Северодвинск;Архангельская область;Северо-Западный;192265;1936;1938
Североморск;Мурманская область;Северо-Западный;50076;1896;1951
Североуральск;Свердловская область;Уральский;29279;1758;1944
Северск;Томская область;Сибирский;108466;1949;1954
Севск;Брянская область;Центральный;7282;1146;1146
Сегежа;Карелия;Северо-Западный;29660;1914;1943
Сельцо;Брянская область;Центральный;17933;1870-е;1990
Семёнов;Нижегородская область;Приволжский;24472;1644;1779
Семикаракорск;Ростовская область;Южный;23884;1672;1972
Семилуки;Воронежская область;Центральный;26025;1615;1954
Сенгилей;Ульяновская область;Приволжский;6959;1666;1943
Серафимович;Волгоградская область;Южный;9368;1589;1933
Сергач;Нижегородская область;Приволжский;21387;1649;1779
Сергиев Посад;Московская область;Центральный;110878;1337;1919
Сердобск;Пензенская область;Приволжский;35393;1698;1780
Серов;Свердловская область;Уральский;99381;1893;1919
Серпухов;Московская область;Центральный;126496;1339;1374
Сертолово;Ленинградская область;Северо-Западный;47854;1936;1988
Сибай;Башкортостан;Приволжский;62732;1925;1955
Сим;Челябинская область;Уральский;14465;1759;1942
Симферополь;Крым;Южный;332317;1784;1784
Сковородино;Амурская область;Дальневосточный;9561;1908;1927
Скопин;Рязанская область;Центральный;30374;1676;1778
Славгород;Алтайский край;Сибирский;30370;1910;1914
Славск;Калининградская область;Северо-Западный;4614;1292;1946
Славянск-на-Кубани;Краснодарский край;Южный;63768;1865;1958
Сланцы;Ленинградская область;Северо-Западный;33587;1934;1949
Слободской;Кировская область;Приволжский;33983;1505;1780
Слюдянка;Иркутская область;Сибирский;18542;1899;1936
Смоленск;Смоленская область;Центральный;326863;863;863
Снежинск;Челябинская область;Уральский;48896;1955;1957
Снежногорск;Мурманская область;Северо-Западный;12698;1970;1980
Собинка;Владимирская область;Центральный;19482;1858;1939
Советск;Калининградская область;Северо-Западный;41709;1288;1552
Советск;Кировская область;Приволжский;16592;XII век;1937
Советск;Тульская область;Центральный;7537;1949;1954
Советская Гавань;Хабаровский край;Дальневосточный;27712;1853;1941
Советский;Ханты-Мансийский АО — Югра;Уральский;26434;1963;1996
Сокол;Вологодская область;Северо-Западный;38454;1615;1932
Солигалич;Костромская область;Центральный;6438;1335;1778
Соликамск;Пермский край;Приволжский;97239;1430;1573
Солнечногорск;Московская область;Центральный;52996;XVIII век;1938
Соль-Илецк;Оренбургская область;Приволжский;26308;1754;1865
Сольвычегодск;Архангельская область;Северо-Западный;2460;1492;1708
Сольцы;Новгородская область;Северо-Западный;10317;1390;1914
Сорочинск;Оренбургская область;Приволжский;30136;1737;1945
Сорск;Хакасия;Сибирский;12140;1940;1966
Сортавала;Карелия;Северо-Западный;19215;1468;1783
Сосенский;Калужская область;Центральный;12394;1952;1991
Сосновка;Кировская область;Приволжский;11960;1699;1962
Сосновоборск;Красноярский край;Сибирский;33090;1971;1985
Сосновый Бор;Ленинградская область;Северо-Западный;65901;1958;1973
Сосногорск;Коми;Северо-Западный;27809;1939;1955
Сочи;Краснодарский край;Южный;343285;1838;1917
Спас-Деменск;Калужская область;Центральный;4904;1446;1917
Спас-Клепики;Рязанская область;Центральный;5917;XVI век;1920
Спасск;Пензенская область;Приволжский;7442;XVII век;1779
Спасск-Дальний;Приморский край;Дальневосточный;44166;1886;1917
Спасск-Рязанский;Рязанская область;Центральный;7745;1629;1778
Среднеколымск;Якутия;Дальневосточный;3525;1643;1775
Среднеуральск;Свердловская область;Уральский;20357;1931;1966
Сретенск;Забайкальский край;Сибирский;6850;1689;1926
Ставрополь;Ставропольский край;Северо-Кавказский;398266;1777;1785
Старая Купавна;Московская область;Центральный;21859;XIV век;2004
Старая Русса;Новгородская область;Северо-Западный;32235;1167;1167
Старица;Тверская область;Центральный;8610;1297;1297
Стародуб;Брянская область;Центральный;19010;1080;1080
Старый Крым;Крым;Южный;9277;XIII век;XIII век
Старый Оскол;Белгородская область;Центральный;221163;1593;1593
Стерлитамак;Башкортостан;Приволжский;273432;1766;1782
Стрежевой;Томская область;Сибирский;42216;1966;1978
Строитель;Белгородская область;Центральный;23933;1958;2000
Струнино;Владимирская область;Центральный;14372;1492;1938
Ступино;Московская область;Центральный;66942;1938;1938
Суворов;Тульская область;Центральный;18975;1949;1954
Судак;Крым;Южный;16492;212;
Суджа;Курская область;Центральный;6036;XVI век;1664
Судогда;Владимирская область;Центральный;11848;1552;1778
Суздаль;Владимирская область;Центральный;10535;999;999
Сунжа;Ингушетия;Северо-Кавказский;64493[3];1845;2016
Суоярви;Карелия;Северо-Западный;9763;XVI век;1940
Сураж;Брянская область;Центральный;11640;XVII век;1781
Сургут;Ханты-Мансийский АО — Югра;Уральский;306703;1594;1965
Суровикино;Волгоградская область;Южный;20527;1744;1966
Сурск;Пензенская область;Приволжский;7032;1849;1953
Сусуман;Магаданская область;Дальневосточный;5865;1938;1964
Сухиничи;Калужская область;Центральный;16295;XVIII век;1840
Сухой Лог;Свердловская область;Уральский;34836;1710;1943
Сызрань;Самарская область;Приволжский;178773;1683;1796
Сыктывкар;Коми;Северо-Западный;235006;1780;1780
Сысерть;Свердловская область;Уральский;20594;1732;1946
Сычёвка;Смоленская область;Центральный;8111;1488;1776
Сясьстрой;Ленинградская область;Северо-Западный;13747;1926;1922
Тавда;Свердловская область;Уральский;35421;1910;1937
Таганрог;Ростовская область;Южный;257692;1698;1775
Тайга;Кемеровская область;Сибирский;25330;1896;1911
Тайшет;Иркутская область;Сибирский;35481;1897;1938
Талдом;Московская область;Центральный;13819;1677;1918
Талица;Свердловская область;Уральский;18339;1732;1942
Тамбов;Тамбовская область;Центральный;280457;1636;1719
Тара;Омская область;Сибирский;26664;1594;1594
Тарко-Сале;Ямало-Ненецкий АО;Уральский;20372;1932;2004
Таруса;Калужская область;Центральный;9656;1246;1776
Татарск;Новосибирская область;Сибирский;26114;1894;1911
Таштагол;Кемеровская область;Сибирский;23114;1939;1963
Тверь;Тверская область;Центральный;403726;1135;1139
Теберда;Карачаево-Черкесия;Северо-Кавказский;9097;1868;1971
Тейково;Ивановская область;Центральный;34993;XVII век;1918
Темников;Мордовия;Приволжский;7247;XII век;1536
Темрюк;Краснодарский край;Южный;38014;1860;1860
Терек;Кабардино-Балкария;Северо-Кавказский;19170;1876;1967
Тетюши;Татарстан;Приволжский;11596;1578;1781
Тимашёвск;Краснодарский край;Южный;53921;1794;1966
Тихвин;Ленинградская область;Северо-Западный;58843;1383;1773
Тихорецк;Краснодарский край;Южный;61825;1895;1926
Тобольск;Тюменская область;Уральский;99698;1587;1590
Тогучин;Новосибирская область;Сибирский;21531;1867;1945
Тольятти;Самарская область;Приволжский;719484;1737;1780
Томари;Сахалинская область;Дальневосточный;4537;1870;1946
Томмот;Якутия;Дальневосточный;8054;1923;1923
Томск;Томская область;Сибирский;522940;1604;1604
Топки;Кемеровская область;Сибирский;28642;1914;1933
Торжок;Тверская область;Центральный;47702;IX—X века;1135
Торопец;Тверская область;Центральный;13018;1074;1074
Тосно;Ленинградская область;Северо-Западный;39127;1500;1963
Тотьма;Вологодская область;Северо-Западный;9784;1137;1780
Трёхгорный;Челябинская область;Уральский;33678;1952;1955
Троицк;Челябинская область;Уральский;78637;1743;1784
Трубчевск;Брянская область;Центральный;15014;975;975
Туапсе;Краснодарский край;Южный;63233;1838;1916
Туймазы;Башкортостан;Приволжский;66849;1912;1960
Тула;Тульская область;Центральный;501129;1146;1146
Тулун;Иркутская область;Сибирский;44603;1735;1927
Туран;Тыва;Сибирский;4988;1885;1945
Туринск;Свердловская область;Уральский;17990;1600;1600
Тутаев;Ярославская область;Центральный;41001;XIII век;1822
Тында;Амурская область;Дальневосточный;35574;1907;1975
Тырныауз;Кабардино-Балкария;Северо-Кавказский;21000;1934;1955
Тюкалинск;Омская область;Сибирский;12050;1759;1823
Тюмень;Тюменская область;Уральский;581758;1586;1586
Уварово;Тамбовская область;Центральный;26829;1699;1966
Углегорск;Сахалинская область;Дальневосточный;11880;XX век;1946
Углич;Ярославская область;Центральный;34505;1148;1148
Удачный;Якутия;Дальневосточный;12611;1967;1987
Удомля;Тверская область;Центральный;31048;1478;1981
Ужур;Красноярский край;Сибирский;16079;1760;1953
Узловая;Тульская область;Центральный;55282;1873;1938
Улан-Удэ;Бурятия;Сибирский;431922;1666;1690
Ульяновск;Ульяновская область;Приволжский;613793;1648;1648
Унеча;Брянская область;Центральный;26196;1887;1940
Урай;Ханты-Мансийский АО — Югра;Уральский;39435;1922;1965
Урень;Нижегородская область;Приволжский;12311;1719;1973
Уржум;Кировская область;Приволжский;10213;1584;1796
Урус-Мартан;Чечня;Северо-Кавказский;49071;XVIII век;1990
Урюпинск;Волгоградская область;Южный;41594;1618;1929
Усинск;Коми;Северо-Западный;41100;1966;1984
Усмань;Липецкая область;Центральный;18752;1645;1779
Усолье-Сибирское;Иркутская область;Сибирский;83364;1669;1925
Усолье;Пермский край;Приволжский;5694;1606;1940
Уссурийск;Приморский край;Дальневосточный;157946;1866;1898
Усть-Джегута;Карачаево-Черкесия;Северо-Кавказский;30602;1868;1975
Усть-Илимск;Иркутская область;Сибирский;86591;1966;1973
Усть-Катав;Челябинская область;Уральский;23586;1758;1942
Усть-Кут;Иркутская область;Сибирский;45061;1631;1954
Усть-Лабинск;Краснодарский край;Южный;43268;1794;1958
Устюжна;Вологодская область;Северо-Западный;9478;1252;1252
Уфа;Башкортостан;Приволжский;1125933;1574;1586
Ухта;Коми;Северо-Западный;99642;1929;1943
Учалы;Башкортостан;Приволжский;37771;сер. XVIII века;1963
Уяр;Красноярский край;Сибирский;12666;1760;1944
Фатеж;Курская область;Центральный;5404;XVI век;1779
Феодосия;Крым;Южный;69038;VI век до н. э.;
Фокино;Брянская область;Центральный;13874;1899;1964
Фокино;Приморский край;Дальневосточный;23683;1891;1980
Фролово;Волгоградская область;Южный;39489;1859;1936
Фрязино;Московская область;Центральный;55449;1584;1951
Фурманов;Ивановская область;Центральный;36149;1918;1918
Хабаровск;Хабаровский край;Дальневосточный;577668;1858;1880
Хадыженск;Краснодарский край;Южный;21580;1864;1949
Ханты-Мансийск;Ханты-Мансийский АО — Югра;Уральский;79410;1582;1950
Харабали;Астраханская область;Южный;18209;1789;1974
Харовск;Вологодская область;Северо-Западный;10078;1903;1954
Хасавюрт;Дагестан;Северо-Кавказский;133929;1846;1931
Хвалынск;Саратовская область;Приволжский;13199;1556;1780
Хилок;Забайкальский край;Сибирский;11530;1895;1951
Химки;Московская область;Центральный;207125;1850;1939
Холм;Новгородская область;Северо-Западный;3829;1144;1777
Холмск;Сахалинская область;Дальневосточный;30936;1870;1922
Хотьково;Московская область;Центральный;21612;1308;1949
Цивильск;Чувашия;Приволжский;13478;1589;1781
Цимлянск;Ростовская область;Южный;15029;1672;1961
Циолковский;Амурская область;Дальневосточный;6208;1961;2015
Чадан;Тыва;Сибирский;9037;1873;1945
Чайковский;Пермский край;Приволжский;82933;1955;1962
Чапаевск;Самарская область;Приволжский;72689;1909;1927
Чаплыгин;Липецкая область;Центральный;12656;1638;1778
Чебаркуль;Челябинская область;Уральский;43405;1736;1951
Чебоксары;Чувашия;Приволжский;447929;1469;1469
Чегем;Кабардино-Балкария;Северо-Кавказский;17988;1822;2000
Чекалин;Тульская область;Центральный;994;1565;1746
Челябинск;Челябинская область;Уральский;1187960;1736;1781
Чердынь;Пермский край;Приволжский;4920;1451;1535
Черемхово;Иркутская область;Сибирский;52650;1772;1917
Черепаново;Новосибирская область;Сибирский;19346;1912;1925
Череповец;Вологодская область;Северо-Западный;312311;1777;1777
Черкесск;Карачаево-Черкесия;Северо-Кавказский;121439;1825;1931
Чёрмоз;Пермский край;Приволжский;4017;1701;1943
Черноголовка;Московская область;Центральный;20986;1710;2001
Черногорск;Хакасия;Сибирский;72117;1936;1936
Чернушка;Пермский край;Приволжский;33275;1854;1966
Черняховск;Калининградская область;Северо-Западный;40464;1336;1583
Чехов;Московская область;Центральный;60677;1175;1954
Чистополь;Татарстан;Приволжский;60703;XVIII век;1781
Чита;Забайкальский край;Сибирский;323964;1653;1851
Чкаловск;Нижегородская область;Приволжский;12371;XII век;1955
Чудово;Новгородская область;Северо-Западный;16148;XVI век;1937
Чулым;Новосибирская область;Сибирский;11964;1762;1947
Чусовой;Пермский край;Приволжский;46740;1878;1933
Чухлома;Костромская область;Центральный;5209;1381;1778
Шагонар;Тыва;Сибирский;10958;1888;1945
Шадринск;Курганская область;Уральский;77744;1662;1712
Шали;Чечня;Северо-Кавказский;47715;1378 или 1384;1990
Шарыпово;Красноярский край;Сибирский;38570;XVIII век;1981
Шарья;Костромская область;Центральный;23668;1906;1938
Шатура;Московская область;Центральный;32836;1423;1936
Шахты;Ростовская область;Южный;240152;1805;1867
Шахунья;Нижегородская область;Приволжский;21337;1912;1943
Шацк;Рязанская область;Центральный;6562;1553;1553
Шебекино;Белгородская область;Центральный;44277;1713;1938
Шелехов;Иркутская область;Сибирский;47960;1953;1962
Шенкурск;Архангельская область;Северо-Западный;5702;1137;1780
Шилка;Забайкальский край;Сибирский;13947;1897;1951
Шимановск;Амурская область;Дальневосточный;19815;1910;1950
Шиханы;Саратовская область;Приволжский;6067;1928;1996
Шлиссельбург;Ленинградская область;Северо-Западный;13305;1323;1780
Шумерля;Чувашия;Приволжский;33412;1916;1937
Шумиха;Курганская область;Уральский;17821;1892;1944
Шуя;Ивановская область;Центральный;58528;1394;1778
Щёкино;Тульская область;Центральный;58154;1870;1938
Щёлкино;Крым;Южный;10620;1978;1992
Щёлково;Московская область;Центральный;110380;XVI век;1925
Щигры;Курская область;Центральный;17043;XVIII век;1779
Щучье;Курганская область;Уральский;10971;1750;1945
Электрогорск;Московская область;Центральный;22120;1912;1946
Электросталь;Московская область;Центральный;155324;1916;1938
Электроугли;Московская область;Центральный;20120;1899;1956
Элиста;Калмыкия;Южный;103728;1865;1930
Энгельс;Саратовская область;Приволжский;202838;1747;1914
Эртиль;Воронежская область;Центральный;11387;1897;1963
Югорск;Ханты-Мансийский АО — Югра;Уральский;34066;1962;1992
Южа;Ивановская область;Центральный;14170;1628;1925
Южно-Сахалинск;Сахалинская область;Дальневосточный;181727;1882;1905
Южно-Сухокумск;Дагестан;Северо-Кавказский;10048;1958;1988
Южноуральск;Челябинская область;Уральский;37890;1948;1963
Юрга;Кемеровская область;Сибирский;81536;1886;1949
Юрьев-Польский;Владимирская область;Центральный;19588;1152;1778
Юрьевец;Ивановская область;Центральный;10205;1225;1778
Юрюзань;Челябинская область;Уральский;12568;1758;1943
Юхнов;Калужская область;Центральный;7056;1410;1777
Ядрин;Чувашия;Приволжский;9614;1590;1781
Якутск;Якутия;Дальневосточный;269486;1632;1643
Ялта;Крым;Южный;76746;1154;1838
Ялуторовск;Тюменская область;Уральский;36494;1659;1782
Янаул;Башкортостан;Приволжский;26988;1730-е;1991
Яранск;Кировская область;Приволжский;17252;1584;1780
Яровое;Алтайский край;Сибирский;18085;1943;1993
Ярославль;Ярославская область;Центральный;591486;1010;1071
Ярцево;Смоленская область;Центральный;47853;1610;1926
Ясногорск;Тульская область;Центральный;16804;1578;1958
Ясный;Оренбургская область;Приволжский;16082;1961;1979
Яхрома;Московская область;Центральный;13248;1841;1940
